best m,c is 1.310000,10.010000 with error 13.911743 in direction 1
best m,c is 1.320000,10.020000 with error 13.666937 in direction 1
best m,c is 1.330000,10.030000 with error 13.442342 in direction 1
best m,c is 1.340000,10.040000 with error 13.238988 in direction 1
best m,c is 1.350000,10.050000 with error 13.057867 in direction 1
best m,c is 1.360000,10.060000 with error 12.899916 in direction 1
best m,c is 1.370000,10.070000 with error 12.765993 in direction 1
best m,c is 1.380000,10.080000 with error 12.656863 in direction 1
best m,c is 1.390000,10.090000 with error 12.573171 in direction 1
best m,c is 1.400000,10.100000 with error 12.515426 in direction 1
best m,c is 1.410000,10.110000 with error 12.483990 in direction 1
best m,c is 1.420000,10.120000 with error 12.479061 in direction 1
best m,c is 1.420000,10.130000 with error 12.476224 in direction 0
best m,c is 1.420000,10.140000 with error 12.473394 in direction 0
best m,c is 1.420000,10.150000 with error 12.470572 in direction 0
best m,c is 1.420000,10.160000 with error 12.467757 in direction 0
best m,c is 1.410000,10.170000 with error 12.464695 in direction 7
best m,c is 1.410000,10.180000 with error 12.461504 in direction 0
best m,c is 1.410000,10.190000 with error 12.458321 in direction 0
best m,c is 1.410000,10.200000 with error 12.455144 in direction 0
best m,c is 1.410000,10.210000 with error 12.451975 in direction 0
best m,c is 1.410000,10.220000 with error 12.448813 in direction 0
best m,c is 1.410000,10.230000 with error 12.445659 in direction 0
best m,c is 1.410000,10.240000 with error 12.442511 in direction 0
best m,c is 1.410000,10.250000 with error 12.439371 in direction 0
best m,c is 1.410000,10.260000 with error 12.436238 in direction 0
best m,c is 1.410000,10.270000 with error 12.433113 in direction 0
best m,c is 1.410000,10.280000 with error 12.429994 in direction 0
best m,c is 1.410000,10.290000 with error 12.426883 in direction 0
best m,c is 1.410000,10.300000 with error 12.423780 in direction 0
best m,c is 1.410000,10.310000 with error 12.420683 in direction 0
best m,c is 1.410000,10.320000 with error 12.417594 in direction 0
best m,c is 1.410000,10.330000 with error 12.414512 in direction 0
best m,c is 1.410000,10.340000 with error 12.411437 in direction 0
best m,c is 1.410000,10.350000 with error 12.408370 in direction 0
best m,c is 1.410000,10.360000 with error 12.405310 in direction 0
best m,c is 1.410000,10.370000 with error 12.402257 in direction 0
best m,c is 1.410000,10.380000 with error 12.399211 in direction 0
best m,c is 1.410000,10.390000 with error 12.396173 in direction 0
best m,c is 1.410000,10.400000 with error 12.393142 in direction 0
best m,c is 1.410000,10.410000 with error 12.390119 in direction 0
best m,c is 1.410000,10.420000 with error 12.387103 in direction 0
best m,c is 1.410000,10.430000 with error 12.384094 in direction 0
best m,c is 1.410000,10.440000 with error 12.381092 in direction 0
best m,c is 1.410000,10.450000 with error 12.378098 in direction 0
best m,c is 1.410000,10.460000 with error 12.375112 in direction 0
best m,c is 1.410000,10.470000 with error 12.372132 in direction 0
best m,c is 1.410000,10.480000 with error 12.369160 in direction 0
best m,c is 1.410000,10.490000 with error 12.366195 in direction 0
best m,c is 1.410000,10.500000 with error 12.363238 in direction 0
best m,c is 1.410000,10.510000 with error 12.360288 in direction 0
best m,c is 1.410000,10.520000 with error 12.357346 in direction 0
best m,c is 1.410000,10.530000 with error 12.354411 in direction 0
best m,c is 1.410000,10.540000 with error 12.351483 in direction 0
best m,c is 1.410000,10.550000 with error 12.348563 in direction 0
best m,c is 1.410000,10.560000 with error 12.345650 in direction 0
best m,c is 1.410000,10.570000 with error 12.342744 in direction 0
best m,c is 1.410000,10.580000 with error 12.339846 in direction 0
best m,c is 1.410000,10.590000 with error 12.336955 in direction 0
best m,c is 1.410000,10.600000 with error 12.334072 in direction 0
best m,c is 1.410000,10.610000 with error 12.331196 in direction 0
best m,c is 1.410000,10.620000 with error 12.328328 in direction 0
best m,c is 1.410000,10.630000 with error 12.325467 in direction 0
best m,c is 1.410000,10.640000 with error 12.322614 in direction 0
best m,c is 1.410000,10.650000 with error 12.319768 in direction 0
best m,c is 1.410000,10.660000 with error 12.316929 in direction 0
best m,c is 1.410000,10.670000 with error 12.314098 in direction 0
best m,c is 1.410000,10.680000 with error 12.311275 in direction 0
best m,c is 1.410000,10.690000 with error 12.308458 in direction 0
best m,c is 1.410000,10.700000 with error 12.305650 in direction 0
best m,c is 1.410000,10.710000 with error 12.302849 in direction 0
best m,c is 1.410000,10.720000 with error 12.300055 in direction 0
best m,c is 1.410000,10.730000 with error 12.297269 in direction 0
best m,c is 1.410000,10.740000 with error 12.294490 in direction 0
best m,c is 1.410000,10.750000 with error 12.291719 in direction 0
best m,c is 1.410000,10.760000 with error 12.288955 in direction 0
best m,c is 1.410000,10.770000 with error 12.286199 in direction 0
best m,c is 1.410000,10.780000 with error 12.283451 in direction 0
best m,c is 1.410000,10.790000 with error 12.280710 in direction 0
best m,c is 1.410000,10.800000 with error 12.277976 in direction 0
best m,c is 1.410000,10.810000 with error 12.275250 in direction 0
best m,c is 1.410000,10.820000 with error 12.272532 in direction 0
best m,c is 1.400000,10.830000 with error 12.269598 in direction 7
best m,c is 1.400000,10.840000 with error 12.266498 in direction 0
best m,c is 1.400000,10.850000 with error 12.263405 in direction 0
best m,c is 1.400000,10.860000 with error 12.260320 in direction 0
best m,c is 1.400000,10.870000 with error 12.257242 in direction 0
best m,c is 1.400000,10.880000 with error 12.254171 in direction 0
best m,c is 1.400000,10.890000 with error 12.251108 in direction 0
best m,c is 1.400000,10.900000 with error 12.248052 in direction 0
best m,c is 1.400000,10.910000 with error 12.245004 in direction 0
best m,c is 1.400000,10.920000 with error 12.241963 in direction 0
best m,c is 1.400000,10.930000 with error 12.238929 in direction 0
best m,c is 1.400000,10.940000 with error 12.235903 in direction 0
best m,c is 1.400000,10.950000 with error 12.232884 in direction 0
best m,c is 1.400000,10.960000 with error 12.229873 in direction 0
best m,c is 1.400000,10.970000 with error 12.226869 in direction 0
best m,c is 1.400000,10.980000 with error 12.223873 in direction 0
best m,c is 1.400000,10.990000 with error 12.220884 in direction 0
best m,c is 1.400000,11.000000 with error 12.217903 in direction 0
best m,c is 1.400000,11.010000 with error 12.214929 in direction 0
best m,c is 1.400000,11.020000 with error 12.211962 in direction 0
best m,c is 1.400000,11.030000 with error 12.209003 in direction 0
best m,c is 1.400000,11.040000 with error 12.206051 in direction 0
best m,c is 1.400000,11.050000 with error 12.203107 in direction 0
best m,c is 1.400000,11.060000 with error 12.200171 in direction 0
best m,c is 1.400000,11.070000 with error 12.197241 in direction 0
best m,c is 1.400000,11.080000 with error 12.194320 in direction 0
best m,c is 1.400000,11.090000 with error 12.191406 in direction 0
best m,c is 1.400000,11.100000 with error 12.188499 in direction 0
best m,c is 1.400000,11.110000 with error 12.185600 in direction 0
best m,c is 1.400000,11.120000 with error 12.182708 in direction 0
best m,c is 1.400000,11.130000 with error 12.179824 in direction 0
best m,c is 1.400000,11.140000 with error 12.176947 in direction 0
best m,c is 1.400000,11.150000 with error 12.174078 in direction 0
best m,c is 1.400000,11.160000 with error 12.171217 in direction 0
best m,c is 1.400000,11.170000 with error 12.168363 in direction 0
best m,c is 1.400000,11.180000 with error 12.165517 in direction 0
best m,c is 1.400000,11.190000 with error 12.162678 in direction 0
best m,c is 1.400000,11.200000 with error 12.159846 in direction 0
best m,c is 1.400000,11.210000 with error 12.157023 in direction 0
best m,c is 1.400000,11.220000 with error 12.154207 in direction 0
best m,c is 1.400000,11.230000 with error 12.151398 in direction 0
best m,c is 1.400000,11.240000 with error 12.148597 in direction 0
best m,c is 1.400000,11.250000 with error 12.145804 in direction 0
best m,c is 1.400000,11.260000 with error 12.143018 in direction 0
best m,c is 1.400000,11.270000 with error 12.140240 in direction 0
best m,c is 1.400000,11.280000 with error 12.137469 in direction 0
best m,c is 1.400000,11.290000 with error 12.134706 in direction 0
best m,c is 1.400000,11.300000 with error 12.131951 in direction 0
best m,c is 1.400000,11.310000 with error 12.129203 in direction 0
best m,c is 1.400000,11.320000 with error 12.126463 in direction 0
best m,c is 1.400000,11.330000 with error 12.123730 in direction 0
best m,c is 1.400000,11.340000 with error 12.121005 in direction 0
best m,c is 1.400000,11.350000 with error 12.118288 in direction 0
best m,c is 1.400000,11.360000 with error 12.115579 in direction 0
best m,c is 1.400000,11.370000 with error 12.112877 in direction 0
best m,c is 1.400000,11.380000 with error 12.110182 in direction 0
best m,c is 1.400000,11.390000 with error 12.107496 in direction 0
best m,c is 1.400000,11.400000 with error 12.104817 in direction 0
best m,c is 1.400000,11.410000 with error 12.102145 in direction 0
best m,c is 1.400000,11.420000 with error 12.099482 in direction 0
best m,c is 1.400000,11.430000 with error 12.096826 in direction 0
best m,c is 1.400000,11.440000 with error 12.094178 in direction 0
best m,c is 1.400000,11.450000 with error 12.091537 in direction 0
best m,c is 1.400000,11.460000 with error 12.088904 in direction 0
best m,c is 1.400000,11.470000 with error 12.086279 in direction 0
best m,c is 1.400000,11.480000 with error 12.083662 in direction 0
best m,c is 1.390000,11.490000 with error 12.080861 in direction 7
best m,c is 1.390000,11.500000 with error 12.077856 in direction 0
best m,c is 1.390000,11.510000 with error 12.074859 in direction 0
best m,c is 1.390000,11.520000 with error 12.071869 in direction 0
best m,c is 1.390000,11.530000 with error 12.068887 in direction 0
best m,c is 1.390000,11.540000 with error 12.065912 in direction 0
best m,c is 1.390000,11.550000 with error 12.062945 in direction 0
best m,c is 1.390000,11.560000 with error 12.059985 in direction 0
best m,c is 1.390000,11.570000 with error 12.057033 in direction 0
best m,c is 1.390000,11.580000 with error 12.054088 in direction 0
best m,c is 1.390000,11.590000 with error 12.051152 in direction 0
best m,c is 1.390000,11.600000 with error 12.048222 in direction 0
best m,c is 1.390000,11.610000 with error 12.045300 in direction 0
best m,c is 1.390000,11.620000 with error 12.042386 in direction 0
best m,c is 1.390000,11.630000 with error 12.039480 in direction 0
best m,c is 1.390000,11.640000 with error 12.036581 in direction 0
best m,c is 1.390000,11.650000 with error 12.033689 in direction 0
best m,c is 1.390000,11.660000 with error 12.030806 in direction 0
best m,c is 1.390000,11.670000 with error 12.027929 in direction 0
best m,c is 1.390000,11.680000 with error 12.025061 in direction 0
best m,c is 1.390000,11.690000 with error 12.022200 in direction 0
best m,c is 1.390000,11.700000 with error 12.019347 in direction 0
best m,c is 1.390000,11.710000 with error 12.016501 in direction 0
best m,c is 1.390000,11.720000 with error 12.013663 in direction 0
best m,c is 1.390000,11.730000 with error 12.010833 in direction 0
best m,c is 1.390000,11.740000 with error 12.008011 in direction 0
best m,c is 1.390000,11.750000 with error 12.005196 in direction 0
best m,c is 1.390000,11.760000 with error 12.002388 in direction 0
best m,c is 1.390000,11.770000 with error 11.999589 in direction 0
best m,c is 1.390000,11.780000 with error 11.996797 in direction 0
best m,c is 1.390000,11.790000 with error 11.994013 in direction 0
best m,c is 1.390000,11.800000 with error 11.991236 in direction 0
best m,c is 1.390000,11.810000 with error 11.988467 in direction 0
best m,c is 1.390000,11.820000 with error 11.985706 in direction 0
best m,c is 1.390000,11.830000 with error 11.982953 in direction 0
best m,c is 1.390000,11.840000 with error 11.980207 in direction 0
best m,c is 1.390000,11.850000 with error 11.977469 in direction 0
best m,c is 1.390000,11.860000 with error 11.974739 in direction 0
best m,c is 1.390000,11.870000 with error 11.972016 in direction 0
best m,c is 1.390000,11.880000 with error 11.969301 in direction 0
best m,c is 1.390000,11.890000 with error 11.966594 in direction 0
best m,c is 1.390000,11.900000 with error 11.963895 in direction 0
best m,c is 1.390000,11.910000 with error 11.961203 in direction 0
best m,c is 1.390000,11.920000 with error 11.958520 in direction 0
best m,c is 1.390000,11.930000 with error 11.955844 in direction 0
best m,c is 1.390000,11.940000 with error 11.953175 in direction 0
best m,c is 1.390000,11.950000 with error 11.950515 in direction 0
best m,c is 1.390000,11.960000 with error 11.947862 in direction 0
best m,c is 1.390000,11.970000 with error 11.945217 in direction 0
best m,c is 1.390000,11.980000 with error 11.942580 in direction 0
best m,c is 1.390000,11.990000 with error 11.939951 in direction 0
best m,c is 1.390000,12.000000 with error 11.937329 in direction 0
best m,c is 1.390000,12.010000 with error 11.934715 in direction 0
best m,c is 1.390000,12.020000 with error 11.932109 in direction 0
best m,c is 1.390000,12.030000 with error 11.929511 in direction 0
best m,c is 1.390000,12.040000 with error 11.926921 in direction 0
best m,c is 1.390000,12.050000 with error 11.924338 in direction 0
best m,c is 1.390000,12.060000 with error 11.921764 in direction 0
best m,c is 1.390000,12.070000 with error 11.919197 in direction 0
best m,c is 1.390000,12.080000 with error 11.916638 in direction 0
best m,c is 1.390000,12.090000 with error 11.914087 in direction 0
best m,c is 1.390000,12.100000 with error 11.911544 in direction 0
best m,c is 1.390000,12.110000 with error 11.909008 in direction 0
best m,c is 1.390000,12.120000 with error 11.906480 in direction 0
best m,c is 1.390000,12.130000 with error 11.903961 in direction 0
best m,c is 1.390000,12.140000 with error 11.901449 in direction 0
best m,c is 1.380000,12.150000 with error 11.898788 in direction 7
best m,c is 1.380000,12.160000 with error 11.895883 in direction 0
best m,c is 1.380000,12.170000 with error 11.892985 in direction 0
best m,c is 1.380000,12.180000 with error 11.890096 in direction 0
best m,c is 1.380000,12.190000 with error 11.887214 in direction 0
best m,c is 1.380000,12.200000 with error 11.884339 in direction 0
best m,c is 1.380000,12.210000 with error 11.881473 in direction 0
best m,c is 1.380000,12.220000 with error 11.878614 in direction 0
best m,c is 1.380000,12.230000 with error 11.875763 in direction 0
best m,c is 1.380000,12.240000 with error 11.872919 in direction 0
best m,c is 1.380000,12.250000 with error 11.870083 in direction 0
best m,c is 1.380000,12.260000 with error 11.867255 in direction 0
best m,c is 1.380000,12.270000 with error 11.864435 in direction 0
best m,c is 1.380000,12.280000 with error 11.861623 in direction 0
best m,c is 1.380000,12.290000 with error 11.858818 in direction 0
best m,c is 1.380000,12.300000 with error 11.856021 in direction 0
best m,c is 1.380000,12.310000 with error 11.853232 in direction 0
best m,c is 1.380000,12.320000 with error 11.850451 in direction 0
best m,c is 1.380000,12.330000 with error 11.847677 in direction 0
best m,c is 1.380000,12.340000 with error 11.844912 in direction 0
best m,c is 1.380000,12.350000 with error 11.842154 in direction 0
best m,c is 1.380000,12.360000 with error 11.839404 in direction 0
best m,c is 1.380000,12.370000 with error 11.836661 in direction 0
best m,c is 1.380000,12.380000 with error 11.833927 in direction 0
best m,c is 1.380000,12.390000 with error 11.831200 in direction 0
best m,c is 1.380000,12.400000 with error 11.828481 in direction 0
best m,c is 1.380000,12.410000 with error 11.825770 in direction 0
best m,c is 1.380000,12.420000 with error 11.823067 in direction 0
best m,c is 1.380000,12.430000 with error 11.820371 in direction 0
best m,c is 1.380000,12.440000 with error 11.817684 in direction 0
best m,c is 1.380000,12.450000 with error 11.815004 in direction 0
best m,c is 1.380000,12.460000 with error 11.812332 in direction 0
best m,c is 1.380000,12.470000 with error 11.809669 in direction 0
best m,c is 1.380000,12.480000 with error 11.807012 in direction 0
best m,c is 1.380000,12.490000 with error 11.804364 in direction 0
best m,c is 1.380000,12.500000 with error 11.801724 in direction 0
best m,c is 1.380000,12.510000 with error 11.799092 in direction 0
best m,c is 1.380000,12.520000 with error 11.796467 in direction 0
best m,c is 1.380000,12.530000 with error 11.793850 in direction 0
best m,c is 1.380000,12.540000 with error 11.791242 in direction 0
best m,c is 1.380000,12.550000 with error 11.788641 in direction 0
best m,c is 1.380000,12.560000 with error 11.786048 in direction 0
best m,c is 1.380000,12.570000 with error 11.783463 in direction 0
best m,c is 1.380000,12.580000 with error 11.780886 in direction 0
best m,c is 1.380000,12.590000 with error 11.778316 in direction 0
best m,c is 1.380000,12.600000 with error 11.775755 in direction 0
best m,c is 1.380000,12.610000 with error 11.773202 in direction 0
best m,c is 1.380000,12.620000 with error 11.770657 in direction 0
best m,c is 1.380000,12.630000 with error 11.768119 in direction 0
best m,c is 1.380000,12.640000 with error 11.765590 in direction 0
best m,c is 1.380000,12.650000 with error 11.763068 in direction 0
best m,c is 1.380000,12.660000 with error 11.760555 in direction 0
best m,c is 1.380000,12.670000 with error 11.758049 in direction 0
best m,c is 1.380000,12.680000 with error 11.755551 in direction 0
best m,c is 1.380000,12.690000 with error 11.753062 in direction 0
best m,c is 1.380000,12.700000 with error 11.750580 in direction 0
best m,c is 1.380000,12.710000 with error 11.748107 in direction 0
best m,c is 1.380000,12.720000 with error 11.745641 in direction 0
best m,c is 1.380000,12.730000 with error 11.743183 in direction 0
best m,c is 1.380000,12.740000 with error 11.740734 in direction 0
best m,c is 1.380000,12.750000 with error 11.738292 in direction 0
best m,c is 1.380000,12.760000 with error 11.735858 in direction 0
best m,c is 1.380000,12.770000 with error 11.733433 in direction 0
best m,c is 1.380000,12.780000 with error 11.731015 in direction 0
best m,c is 1.380000,12.790000 with error 11.728605 in direction 0
best m,c is 1.380000,12.800000 with error 11.726204 in direction 0
best m,c is 1.370000,12.810000 with error 11.723688 in direction 7
best m,c is 1.370000,12.820000 with error 11.720888 in direction 0
best m,c is 1.370000,12.830000 with error 11.718095 in direction 0
best m,c is 1.370000,12.840000 with error 11.715310 in direction 0
best m,c is 1.370000,12.850000 with error 11.712533 in direction 0
best m,c is 1.370000,12.860000 with error 11.709764 in direction 0
best m,c is 1.370000,12.870000 with error 11.707003 in direction 0
best m,c is 1.370000,12.880000 with error 11.704249 in direction 0
best m,c is 1.370000,12.890000 with error 11.701504 in direction 0
best m,c is 1.370000,12.900000 with error 11.698766 in direction 0
best m,c is 1.370000,12.910000 with error 11.696037 in direction 0
best m,c is 1.370000,12.920000 with error 11.693315 in direction 0
best m,c is 1.370000,12.930000 with error 11.690601 in direction 0
best m,c is 1.370000,12.940000 with error 11.687895 in direction 0
best m,c is 1.370000,12.950000 with error 11.685197 in direction 0
best m,c is 1.370000,12.960000 with error 11.682507 in direction 0
best m,c is 1.370000,12.970000 with error 11.679825 in direction 0
best m,c is 1.370000,12.980000 with error 11.677151 in direction 0
best m,c is 1.370000,12.990000 with error 11.674485 in direction 0
best m,c is 1.370000,13.000000 with error 11.671827 in direction 0
best m,c is 1.370000,13.010000 with error 11.669176 in direction 0
best m,c is 1.370000,13.020000 with error 11.666534 in direction 0
best m,c is 1.370000,13.030000 with error 11.663900 in direction 0
best m,c is 1.370000,13.040000 with error 11.661273 in direction 0
best m,c is 1.370000,13.050000 with error 11.658655 in direction 0
best m,c is 1.370000,13.060000 with error 11.656045 in direction 0
best m,c is 1.370000,13.070000 with error 11.653442 in direction 0
best m,c is 1.370000,13.080000 with error 11.650848 in direction 0
best m,c is 1.370000,13.090000 with error 11.648262 in direction 0
best m,c is 1.370000,13.100000 with error 11.645683 in direction 0
best m,c is 1.370000,13.110000 with error 11.643113 in direction 0
best m,c is 1.370000,13.120000 with error 11.640551 in direction 0
best m,c is 1.370000,13.130000 with error 11.637996 in direction 0
best m,c is 1.370000,13.140000 with error 11.635450 in direction 0
best m,c is 1.370000,13.150000 with error 11.632912 in direction 0
best m,c is 1.370000,13.160000 with error 11.630382 in direction 0
best m,c is 1.370000,13.170000 with error 11.627860 in direction 0
best m,c is 1.370000,13.180000 with error 11.625346 in direction 0
best m,c is 1.370000,13.190000 with error 11.622840 in direction 0
best m,c is 1.370000,13.200000 with error 11.620342 in direction 0
best m,c is 1.370000,13.210000 with error 11.617852 in direction 0
best m,c is 1.370000,13.220000 with error 11.615370 in direction 0
best m,c is 1.370000,13.230000 with error 11.612897 in direction 0
best m,c is 1.370000,13.240000 with error 11.610431 in direction 0
best m,c is 1.370000,13.250000 with error 11.607973 in direction 0
best m,c is 1.370000,13.260000 with error 11.605524 in direction 0
best m,c is 1.370000,13.270000 with error 11.603083 in direction 0
best m,c is 1.370000,13.280000 with error 11.600649 in direction 0
best m,c is 1.370000,13.290000 with error 11.598224 in direction 0
best m,c is 1.370000,13.300000 with error 11.595807 in direction 0
best m,c is 1.370000,13.310000 with error 11.593399 in direction 0
best m,c is 1.370000,13.320000 with error 11.590998 in direction 0
best m,c is 1.370000,13.330000 with error 11.588605 in direction 0
best m,c is 1.370000,13.340000 with error 11.586221 in direction 0
best m,c is 1.370000,13.350000 with error 11.583844 in direction 0
best m,c is 1.370000,13.360000 with error 11.581476 in direction 0
best m,c is 1.370000,13.370000 with error 11.579116 in direction 0
best m,c is 1.370000,13.380000 with error 11.576764 in direction 0
best m,c is 1.370000,13.390000 with error 11.574421 in direction 0
best m,c is 1.370000,13.400000 with error 11.572085 in direction 0
best m,c is 1.370000,13.410000 with error 11.569758 in direction 0
best m,c is 1.370000,13.420000 with error 11.567439 in direction 0
best m,c is 1.370000,13.430000 with error 11.565128 in direction 0
best m,c is 1.370000,13.440000 with error 11.562825 in direction 0
best m,c is 1.370000,13.450000 with error 11.560530 in direction 0
best m,c is 1.370000,13.460000 with error 11.558244 in direction 0
best m,c is 1.360000,13.470000 with error 11.555879 in direction 7
best m,c is 1.360000,13.480000 with error 11.553188 in direction 0
best m,c is 1.360000,13.490000 with error 11.550505 in direction 0
best m,c is 1.360000,13.500000 with error 11.547830 in direction 0
best m,c is 1.360000,13.510000 with error 11.545163 in direction 0
best m,c is 1.360000,13.520000 with error 11.542503 in direction 0
best m,c is 1.360000,13.530000 with error 11.539852 in direction 0
best m,c is 1.360000,13.540000 with error 11.537209 in direction 0
best m,c is 1.360000,13.550000 with error 11.534575 in direction 0
best m,c is 1.360000,13.560000 with error 11.531948 in direction 0
best m,c is 1.360000,13.570000 with error 11.529329 in direction 0
best m,c is 1.360000,13.580000 with error 11.526718 in direction 0
best m,c is 1.360000,13.590000 with error 11.524116 in direction 0
best m,c is 1.360000,13.600000 with error 11.521521 in direction 0
best m,c is 1.360000,13.610000 with error 11.518935 in direction 0
best m,c is 1.360000,13.620000 with error 11.516357 in direction 0
best m,c is 1.360000,13.630000 with error 11.513787 in direction 0
best m,c is 1.360000,13.640000 with error 11.511224 in direction 0
best m,c is 1.360000,13.650000 with error 11.508671 in direction 0
best m,c is 1.360000,13.660000 with error 11.506125 in direction 0
best m,c is 1.360000,13.670000 with error 11.503587 in direction 0
best m,c is 1.360000,13.680000 with error 11.501057 in direction 0
best m,c is 1.360000,13.690000 with error 11.498536 in direction 0
best m,c is 1.360000,13.700000 with error 11.496023 in direction 0
best m,c is 1.360000,13.710000 with error 11.493518 in direction 0
best m,c is 1.360000,13.720000 with error 11.491021 in direction 0
best m,c is 1.360000,13.730000 with error 11.488532 in direction 0
best m,c is 1.360000,13.740000 with error 11.486051 in direction 0
best m,c is 1.360000,13.750000 with error 11.483579 in direction 0
best m,c is 1.360000,13.760000 with error 11.481115 in direction 0
best m,c is 1.360000,13.770000 with error 11.478658 in direction 0
best m,c is 1.360000,13.780000 with error 11.476211 in direction 0
best m,c is 1.360000,13.790000 with error 11.473771 in direction 0
best m,c is 1.360000,13.800000 with error 11.471339 in direction 0
best m,c is 1.360000,13.810000 with error 11.468916 in direction 0
best m,c is 1.360000,13.820000 with error 11.466501 in direction 0
best m,c is 1.360000,13.830000 with error 11.464094 in direction 0
best m,c is 1.360000,13.840000 with error 11.461695 in direction 0
best m,c is 1.360000,13.850000 with error 11.459305 in direction 0
best m,c is 1.360000,13.860000 with error 11.456923 in direction 0
best m,c is 1.360000,13.870000 with error 11.454549 in direction 0
best m,c is 1.360000,13.880000 with error 11.452183 in direction 0
best m,c is 1.360000,13.890000 with error 11.449825 in direction 0
best m,c is 1.360000,13.900000 with error 11.447476 in direction 0
best m,c is 1.360000,13.910000 with error 11.445135 in direction 0
best m,c is 1.360000,13.920000 with error 11.442802 in direction 0
best m,c is 1.360000,13.930000 with error 11.440478 in direction 0
best m,c is 1.360000,13.940000 with error 11.438162 in direction 0
best m,c is 1.360000,13.950000 with error 11.435854 in direction 0
best m,c is 1.360000,13.960000 with error 11.433554 in direction 0
best m,c is 1.360000,13.970000 with error 11.431263 in direction 0
best m,c is 1.360000,13.980000 with error 11.428980 in direction 0
best m,c is 1.360000,13.990000 with error 11.426705 in direction 0
best m,c is 1.360000,14.000000 with error 11.424439 in direction 0
best m,c is 1.360000,14.010000 with error 11.422180 in direction 0
best m,c is 1.360000,14.020000 with error 11.419931 in direction 0
best m,c is 1.360000,14.030000 with error 11.417689 in direction 0
best m,c is 1.360000,14.040000 with error 11.415456 in direction 0
best m,c is 1.360000,14.050000 with error 11.413231 in direction 0
best m,c is 1.360000,14.060000 with error 11.411014 in direction 0
best m,c is 1.360000,14.070000 with error 11.408806 in direction 0
best m,c is 1.360000,14.080000 with error 11.406606 in direction 0
best m,c is 1.360000,14.090000 with error 11.404415 in direction 0
best m,c is 1.360000,14.100000 with error 11.402231 in direction 0
best m,c is 1.360000,14.110000 with error 11.400057 in direction 0
best m,c is 1.360000,14.120000 with error 11.397890 in direction 0
best m,c is 1.350000,14.130000 with error 11.395683 in direction 7
best m,c is 1.350000,14.140000 with error 11.393106 in direction 0
best m,c is 1.350000,14.150000 with error 11.390537 in direction 0
best m,c is 1.350000,14.160000 with error 11.387977 in direction 0
best m,c is 1.350000,14.170000 with error 11.385424 in direction 0
best m,c is 1.350000,14.180000 with error 11.382880 in direction 0
best m,c is 1.350000,14.190000 with error 11.380345 in direction 0
best m,c is 1.350000,14.200000 with error 11.377817 in direction 0
best m,c is 1.350000,14.210000 with error 11.375298 in direction 0
best m,c is 1.350000,14.220000 with error 11.372787 in direction 0
best m,c is 1.350000,14.230000 with error 11.370284 in direction 0
best m,c is 1.350000,14.240000 with error 11.367789 in direction 0
best m,c is 1.350000,14.250000 with error 11.365303 in direction 0
best m,c is 1.350000,14.260000 with error 11.362824 in direction 0
best m,c is 1.350000,14.270000 with error 11.360355 in direction 0
best m,c is 1.350000,14.280000 with error 11.357893 in direction 0
best m,c is 1.350000,14.290000 with error 11.355440 in direction 0
best m,c is 1.350000,14.300000 with error 11.352995 in direction 0
best m,c is 1.350000,14.310000 with error 11.350558 in direction 0
best m,c is 1.350000,14.320000 with error 11.348129 in direction 0
best m,c is 1.350000,14.330000 with error 11.345709 in direction 0
best m,c is 1.350000,14.340000 with error 11.343297 in direction 0
best m,c is 1.350000,14.350000 with error 11.340894 in direction 0
best m,c is 1.350000,14.360000 with error 11.338498 in direction 0
best m,c is 1.350000,14.370000 with error 11.336111 in direction 0
best m,c is 1.350000,14.380000 with error 11.333733 in direction 0
best m,c is 1.350000,14.390000 with error 11.331363 in direction 0
best m,c is 1.350000,14.400000 with error 11.329001 in direction 0
best m,c is 1.350000,14.410000 with error 11.326647 in direction 0
best m,c is 1.350000,14.420000 with error 11.324302 in direction 0
best m,c is 1.350000,14.430000 with error 11.321965 in direction 0
best m,c is 1.350000,14.440000 with error 11.319636 in direction 0
best m,c is 1.350000,14.450000 with error 11.317316 in direction 0
best m,c is 1.350000,14.460000 with error 11.315004 in direction 0
best m,c is 1.350000,14.470000 with error 11.312700 in direction 0
best m,c is 1.350000,14.480000 with error 11.310405 in direction 0
best m,c is 1.350000,14.490000 with error 11.308119 in direction 0
best m,c is 1.350000,14.500000 with error 11.305840 in direction 0
best m,c is 1.350000,14.510000 with error 11.303570 in direction 0
best m,c is 1.350000,14.520000 with error 11.301309 in direction 0
best m,c is 1.350000,14.530000 with error 11.299055 in direction 0
best m,c is 1.350000,14.540000 with error 11.296810 in direction 0
best m,c is 1.350000,14.550000 with error 11.294574 in direction 0
best m,c is 1.350000,14.560000 with error 11.292346 in direction 0
best m,c is 1.350000,14.570000 with error 11.290127 in direction 0
best m,c is 1.350000,14.580000 with error 11.287915 in direction 0
best m,c is 1.350000,14.590000 with error 11.285713 in direction 0
best m,c is 1.350000,14.600000 with error 11.283518 in direction 0
best m,c is 1.350000,14.610000 with error 11.281333 in direction 0
best m,c is 1.350000,14.620000 with error 11.279155 in direction 0
best m,c is 1.350000,14.630000 with error 11.276986 in direction 0
best m,c is 1.350000,14.640000 with error 11.274826 in direction 0
best m,c is 1.350000,14.650000 with error 11.272674 in direction 0
best m,c is 1.350000,14.660000 with error 11.270530 in direction 0
best m,c is 1.350000,14.670000 with error 11.268395 in direction 0
best m,c is 1.350000,14.680000 with error 11.266268 in direction 0
best m,c is 1.350000,14.690000 with error 11.264150 in direction 0
best m,c is 1.350000,14.700000 with error 11.262040 in direction 0
best m,c is 1.350000,14.710000 with error 11.259939 in direction 0
best m,c is 1.350000,14.720000 with error 11.257846 in direction 0
best m,c is 1.350000,14.730000 with error 11.255762 in direction 0
best m,c is 1.350000,14.740000 with error 11.253687 in direction 0
best m,c is 1.350000,14.750000 with error 11.251619 in direction 0
best m,c is 1.350000,14.760000 with error 11.249561 in direction 0
best m,c is 1.350000,14.770000 with error 11.247510 in direction 0
best m,c is 1.350000,14.780000 with error 11.245469 in direction 0
best m,c is 1.340000,14.790000 with error 11.243424 in direction 7
best m,c is 1.340000,14.800000 with error 11.240967 in direction 0
best m,c is 1.340000,14.810000 with error 11.238518 in direction 0
best m,c is 1.340000,14.820000 with error 11.236077 in direction 0
best m,c is 1.340000,14.830000 with error 11.233644 in direction 0
best m,c is 1.340000,14.840000 with error 11.231220 in direction 0
best m,c is 1.340000,14.850000 with error 11.228805 in direction 0
best m,c is 1.340000,14.860000 with error 11.226398 in direction 0
best m,c is 1.340000,14.870000 with error 11.223999 in direction 0
best m,c is 1.340000,14.880000 with error 11.221608 in direction 0
best m,c is 1.340000,14.890000 with error 11.219226 in direction 0
best m,c is 1.340000,14.900000 with error 11.216853 in direction 0
best m,c is 1.340000,14.910000 with error 11.214487 in direction 0
best m,c is 1.340000,14.920000 with error 11.212131 in direction 0
best m,c is 1.340000,14.930000 with error 11.209782 in direction 0
best m,c is 1.340000,14.940000 with error 11.207442 in direction 0
best m,c is 1.340000,14.950000 with error 11.205111 in direction 0
best m,c is 1.340000,14.960000 with error 11.202788 in direction 0
best m,c is 1.340000,14.970000 with error 11.200473 in direction 0
best m,c is 1.340000,14.980000 with error 11.198167 in direction 0
best m,c is 1.340000,14.990000 with error 11.195869 in direction 0
best m,c is 1.340000,15.000000 with error 11.193580 in direction 0
best m,c is 1.340000,15.010000 with error 11.191299 in direction 0
best m,c is 1.340000,15.020000 with error 11.189027 in direction 0
best m,c is 1.340000,15.030000 with error 11.186763 in direction 0
best m,c is 1.340000,15.040000 with error 11.184508 in direction 0
best m,c is 1.340000,15.050000 with error 11.182261 in direction 0
best m,c is 1.340000,15.060000 with error 11.180022 in direction 0
best m,c is 1.340000,15.070000 with error 11.177792 in direction 0
best m,c is 1.340000,15.080000 with error 11.175571 in direction 0
best m,c is 1.340000,15.090000 with error 11.173358 in direction 0
best m,c is 1.340000,15.100000 with error 11.171154 in direction 0
best m,c is 1.340000,15.110000 with error 11.168958 in direction 0
best m,c is 1.340000,15.120000 with error 11.166771 in direction 0
best m,c is 1.340000,15.130000 with error 11.164592 in direction 0
best m,c is 1.340000,15.140000 with error 11.162422 in direction 0
best m,c is 1.340000,15.150000 with error 11.160260 in direction 0
best m,c is 1.340000,15.160000 with error 11.158107 in direction 0
best m,c is 1.340000,15.170000 with error 11.155962 in direction 0
best m,c is 1.340000,15.180000 with error 11.153826 in direction 0
best m,c is 1.340000,15.190000 with error 11.151699 in direction 0
best m,c is 1.340000,15.200000 with error 11.149580 in direction 0
best m,c is 1.340000,15.210000 with error 11.147469 in direction 0
best m,c is 1.340000,15.220000 with error 11.145367 in direction 0
best m,c is 1.340000,15.230000 with error 11.143274 in direction 0
best m,c is 1.340000,15.240000 with error 11.141190 in direction 0
best m,c is 1.340000,15.250000 with error 11.139114 in direction 0
best m,c is 1.340000,15.260000 with error 11.137046 in direction 0
best m,c is 1.340000,15.270000 with error 11.134987 in direction 0
best m,c is 1.340000,15.280000 with error 11.132937 in direction 0
best m,c is 1.340000,15.290000 with error 11.130895 in direction 0
best m,c is 1.340000,15.300000 with error 11.128862 in direction 0
best m,c is 1.340000,15.310000 with error 11.126838 in direction 0
best m,c is 1.340000,15.320000 with error 11.124822 in direction 0
best m,c is 1.340000,15.330000 with error 11.122815 in direction 0
best m,c is 1.340000,15.340000 with error 11.120816 in direction 0
best m,c is 1.340000,15.350000 with error 11.118826 in direction 0
best m,c is 1.340000,15.360000 with error 11.116845 in direction 0
best m,c is 1.340000,15.370000 with error 11.114872 in direction 0
best m,c is 1.340000,15.380000 with error 11.112908 in direction 0
best m,c is 1.340000,15.390000 with error 11.110953 in direction 0
best m,c is 1.340000,15.400000 with error 11.109006 in direction 0
best m,c is 1.340000,15.410000 with error 11.107068 in direction 0
best m,c is 1.340000,15.420000 with error 11.105139 in direction 0
best m,c is 1.340000,15.430000 with error 11.103218 in direction 0
best m,c is 1.340000,15.440000 with error 11.101306 in direction 0
best m,c is 1.340000,15.450000 with error 11.099403 in direction 0
best m,c is 1.330000,15.460000 with error 11.097097 in direction 7
best m,c is 1.330000,15.470000 with error 11.094773 in direction 0
best m,c is 1.330000,15.480000 with error 11.092457 in direction 0
best m,c is 1.330000,15.490000 with error 11.090149 in direction 0
best m,c is 1.330000,15.500000 with error 11.087850 in direction 0
best m,c is 1.330000,15.510000 with error 11.085560 in direction 0
best m,c is 1.330000,15.520000 with error 11.083278 in direction 0
best m,c is 1.330000,15.530000 with error 11.081005 in direction 0
best m,c is 1.330000,15.540000 with error 11.078740 in direction 0
best m,c is 1.330000,15.550000 with error 11.076484 in direction 0
best m,c is 1.330000,15.560000 with error 11.074236 in direction 0
best m,c is 1.330000,15.570000 with error 11.071997 in direction 0
best m,c is 1.330000,15.580000 with error 11.069766 in direction 0
best m,c is 1.330000,15.590000 with error 11.067544 in direction 0
best m,c is 1.330000,15.600000 with error 11.065331 in direction 0
best m,c is 1.330000,15.610000 with error 11.063126 in direction 0
best m,c is 1.330000,15.620000 with error 11.060930 in direction 0
best m,c is 1.330000,15.630000 with error 11.058743 in direction 0
best m,c is 1.330000,15.640000 with error 11.056564 in direction 0
best m,c is 1.330000,15.650000 with error 11.054394 in direction 0
best m,c is 1.330000,15.660000 with error 11.052232 in direction 0
best m,c is 1.330000,15.670000 with error 11.050079 in direction 0
best m,c is 1.330000,15.680000 with error 11.047934 in direction 0
best m,c is 1.330000,15.690000 with error 11.045799 in direction 0
best m,c is 1.330000,15.700000 with error 11.043672 in direction 0
best m,c is 1.330000,15.710000 with error 11.041553 in direction 0
best m,c is 1.330000,15.720000 with error 11.039443 in direction 0
best m,c is 1.330000,15.730000 with error 11.037342 in direction 0
best m,c is 1.330000,15.740000 with error 11.035250 in direction 0
best m,c is 1.330000,15.750000 with error 11.033166 in direction 0
best m,c is 1.330000,15.760000 with error 11.031091 in direction 0
best m,c is 1.330000,15.770000 with error 11.029024 in direction 0
best m,c is 1.330000,15.780000 with error 11.026966 in direction 0
best m,c is 1.330000,15.790000 with error 11.024917 in direction 0
best m,c is 1.330000,15.800000 with error 11.022877 in direction 0
best m,c is 1.330000,15.810000 with error 11.020845 in direction 0
best m,c is 1.330000,15.820000 with error 11.018822 in direction 0
best m,c is 1.330000,15.830000 with error 11.016808 in direction 0
best m,c is 1.330000,15.840000 with error 11.014802 in direction 0
best m,c is 1.330000,15.850000 with error 11.012805 in direction 0
best m,c is 1.330000,15.860000 with error 11.010817 in direction 0
best m,c is 1.330000,15.870000 with error 11.008837 in direction 0
best m,c is 1.330000,15.880000 with error 11.006867 in direction 0
best m,c is 1.330000,15.890000 with error 11.004905 in direction 0
best m,c is 1.330000,15.900000 with error 11.002951 in direction 0
best m,c is 1.330000,15.910000 with error 11.001007 in direction 0
best m,c is 1.330000,15.920000 with error 10.999071 in direction 0
best m,c is 1.330000,15.930000 with error 10.997144 in direction 0
best m,c is 1.330000,15.940000 with error 10.995226 in direction 0
best m,c is 1.330000,15.950000 with error 10.993316 in direction 0
best m,c is 1.330000,15.960000 with error 10.991416 in direction 0
best m,c is 1.330000,15.970000 with error 10.989524 in direction 0
best m,c is 1.330000,15.980000 with error 10.987640 in direction 0
best m,c is 1.330000,15.990000 with error 10.985766 in direction 0
best m,c is 1.330000,16.000000 with error 10.983900 in direction 0
best m,c is 1.330000,16.010000 with error 10.982044 in direction 0
best m,c is 1.330000,16.020000 with error 10.980196 in direction 0
best m,c is 1.330000,16.030000 with error 10.978356 in direction 0
best m,c is 1.330000,16.040000 with error 10.976526 in direction 0
best m,c is 1.330000,16.050000 with error 10.974704 in direction 0
best m,c is 1.330000,16.060000 with error 10.972891 in direction 0
best m,c is 1.330000,16.070000 with error 10.971087 in direction 0
best m,c is 1.330000,16.080000 with error 10.969292 in direction 0
best m,c is 1.330000,16.090000 with error 10.967506 in direction 0
best m,c is 1.330000,16.100000 with error 10.965728 in direction 0
best m,c is 1.330000,16.110000 with error 10.963960 in direction 0
best m,c is 1.320000,16.120000 with error 10.961824 in direction 7
best m,c is 1.320000,16.130000 with error 10.959629 in direction 0
best m,c is 1.320000,16.140000 with error 10.957442 in direction 0
best m,c is 1.320000,16.150000 with error 10.955264 in direction 0
best m,c is 1.320000,16.160000 with error 10.953095 in direction 0
best m,c is 1.320000,16.170000 with error 10.950935 in direction 0
best m,c is 1.320000,16.180000 with error 10.948784 in direction 0
best m,c is 1.320000,16.190000 with error 10.946641 in direction 0
best m,c is 1.320000,16.200000 with error 10.944507 in direction 0
best m,c is 1.320000,16.210000 with error 10.942381 in direction 0
best m,c is 1.320000,16.220000 with error 10.940264 in direction 0
best m,c is 1.320000,16.230000 with error 10.938156 in direction 0
best m,c is 1.320000,16.240000 with error 10.936057 in direction 0
best m,c is 1.320000,16.250000 with error 10.933967 in direction 0
best m,c is 1.320000,16.260000 with error 10.931885 in direction 0
best m,c is 1.320000,16.270000 with error 10.929812 in direction 0
best m,c is 1.320000,16.280000 with error 10.927748 in direction 0
best m,c is 1.320000,16.290000 with error 10.925692 in direction 0
best m,c is 1.320000,16.300000 with error 10.923646 in direction 0
best m,c is 1.320000,16.310000 with error 10.921608 in direction 0
best m,c is 1.320000,16.320000 with error 10.919579 in direction 0
best m,c is 1.320000,16.330000 with error 10.917558 in direction 0
best m,c is 1.320000,16.340000 with error 10.915547 in direction 0
best m,c is 1.320000,16.350000 with error 10.913544 in direction 0
best m,c is 1.320000,16.360000 with error 10.911550 in direction 0
best m,c is 1.320000,16.370000 with error 10.909565 in direction 0
best m,c is 1.320000,16.380000 with error 10.907588 in direction 0
best m,c is 1.320000,16.390000 with error 10.905621 in direction 0
best m,c is 1.320000,16.400000 with error 10.903662 in direction 0
best m,c is 1.320000,16.410000 with error 10.901712 in direction 0
best m,c is 1.320000,16.420000 with error 10.899771 in direction 0
best m,c is 1.320000,16.430000 with error 10.897839 in direction 0
best m,c is 1.320000,16.440000 with error 10.895915 in direction 0
best m,c is 1.320000,16.450000 with error 10.894001 in direction 0
best m,c is 1.320000,16.460000 with error 10.892095 in direction 0
best m,c is 1.320000,16.470000 with error 10.890198 in direction 0
best m,c is 1.320000,16.480000 with error 10.888310 in direction 0
best m,c is 1.320000,16.490000 with error 10.886431 in direction 0
best m,c is 1.320000,16.500000 with error 10.884560 in direction 0
best m,c is 1.320000,16.510000 with error 10.882699 in direction 0
best m,c is 1.320000,16.520000 with error 10.880846 in direction 0
best m,c is 1.320000,16.530000 with error 10.879003 in direction 0
best m,c is 1.320000,16.540000 with error 10.877168 in direction 0
best m,c is 1.320000,16.550000 with error 10.875342 in direction 0
best m,c is 1.320000,16.560000 with error 10.873525 in direction 0
best m,c is 1.320000,16.570000 with error 10.871717 in direction 0
best m,c is 1.320000,16.580000 with error 10.869917 in direction 0
best m,c is 1.320000,16.590000 with error 10.868127 in direction 0
best m,c is 1.320000,16.600000 with error 10.866346 in direction 0
best m,c is 1.320000,16.610000 with error 10.864573 in direction 0
best m,c is 1.320000,16.620000 with error 10.862809 in direction 0
best m,c is 1.320000,16.630000 with error 10.861055 in direction 0
best m,c is 1.320000,16.640000 with error 10.859309 in direction 0
best m,c is 1.320000,16.650000 with error 10.857572 in direction 0
best m,c is 1.320000,16.660000 with error 10.855844 in direction 0
best m,c is 1.320000,16.670000 with error 10.854125 in direction 0
best m,c is 1.320000,16.680000 with error 10.852415 in direction 0
best m,c is 1.320000,16.690000 with error 10.850714 in direction 0
best m,c is 1.320000,16.700000 with error 10.849022 in direction 0
best m,c is 1.320000,16.710000 with error 10.847339 in direction 0
best m,c is 1.320000,16.720000 with error 10.845664 in direction 0
best m,c is 1.320000,16.730000 with error 10.843999 in direction 0
best m,c is 1.320000,16.740000 with error 10.842343 in direction 0
best m,c is 1.320000,16.750000 with error 10.840696 in direction 0
best m,c is 1.320000,16.760000 with error 10.839057 in direction 0
best m,c is 1.320000,16.770000 with error 10.837428 in direction 0
best m,c is 1.310000,16.780000 with error 10.835467 in direction 7
best m,c is 1.310000,16.790000 with error 10.833406 in direction 0
best m,c is 1.310000,16.800000 with error 10.831355 in direction 0
best m,c is 1.310000,16.810000 with error 10.829312 in direction 0
best m,c is 1.310000,16.820000 with error 10.827278 in direction 0
best m,c is 1.310000,16.830000 with error 10.825252 in direction 0
best m,c is 1.310000,16.840000 with error 10.823236 in direction 0
best m,c is 1.310000,16.850000 with error 10.821229 in direction 0
best m,c is 1.310000,16.860000 with error 10.819230 in direction 0
best m,c is 1.310000,16.870000 with error 10.817240 in direction 0
best m,c is 1.310000,16.880000 with error 10.815259 in direction 0
best m,c is 1.310000,16.890000 with error 10.813287 in direction 0
best m,c is 1.310000,16.900000 with error 10.811324 in direction 0
best m,c is 1.310000,16.910000 with error 10.809370 in direction 0
best m,c is 1.310000,16.920000 with error 10.807425 in direction 0
best m,c is 1.310000,16.930000 with error 10.805489 in direction 0
best m,c is 1.310000,16.940000 with error 10.803561 in direction 0
best m,c is 1.310000,16.950000 with error 10.801642 in direction 0
best m,c is 1.310000,16.960000 with error 10.799733 in direction 0
best m,c is 1.310000,16.970000 with error 10.797832 in direction 0
best m,c is 1.310000,16.980000 with error 10.795940 in direction 0
best m,c is 1.310000,16.990000 with error 10.794057 in direction 0
best m,c is 1.310000,17.000000 with error 10.792184 in direction 0
best m,c is 1.310000,17.010000 with error 10.790319 in direction 0
best m,c is 1.310000,17.020000 with error 10.788463 in direction 0
best m,c is 1.310000,17.030000 with error 10.786615 in direction 0
best m,c is 1.310000,17.040000 with error 10.784777 in direction 0
best m,c is 1.310000,17.050000 with error 10.782948 in direction 0
best m,c is 1.310000,17.060000 with error 10.781128 in direction 0
best m,c is 1.310000,17.070000 with error 10.779317 in direction 0
best m,c is 1.310000,17.080000 with error 10.777514 in direction 0
best m,c is 1.310000,17.090000 with error 10.775721 in direction 0
best m,c is 1.310000,17.100000 with error 10.773937 in direction 0
best m,c is 1.310000,17.110000 with error 10.772162 in direction 0
best m,c is 1.310000,17.120000 with error 10.770395 in direction 0
best m,c is 1.310000,17.130000 with error 10.768638 in direction 0
best m,c is 1.310000,17.140000 with error 10.766890 in direction 0
best m,c is 1.310000,17.150000 with error 10.765150 in direction 0
best m,c is 1.310000,17.160000 with error 10.763420 in direction 0
best m,c is 1.310000,17.170000 with error 10.761699 in direction 0
best m,c is 1.310000,17.180000 with error 10.759987 in direction 0
best m,c is 1.310000,17.190000 with error 10.758283 in direction 0
best m,c is 1.310000,17.200000 with error 10.756589 in direction 0
best m,c is 1.310000,17.210000 with error 10.754904 in direction 0
best m,c is 1.310000,17.220000 with error 10.753228 in direction 0
best m,c is 1.310000,17.230000 with error 10.751561 in direction 0
best m,c is 1.310000,17.240000 with error 10.749903 in direction 0
best m,c is 1.310000,17.250000 with error 10.748254 in direction 0
best m,c is 1.310000,17.260000 with error 10.746614 in direction 0
best m,c is 1.310000,17.270000 with error 10.744983 in direction 0
best m,c is 1.310000,17.280000 with error 10.743361 in direction 0
best m,c is 1.310000,17.290000 with error 10.741748 in direction 0
best m,c is 1.310000,17.300000 with error 10.740144 in direction 0
best m,c is 1.310000,17.310000 with error 10.738550 in direction 0
best m,c is 1.310000,17.320000 with error 10.736964 in direction 0
best m,c is 1.310000,17.330000 with error 10.735388 in direction 0
best m,c is 1.310000,17.340000 with error 10.733820 in direction 0
best m,c is 1.310000,17.350000 with error 10.732262 in direction 0
best m,c is 1.310000,17.360000 with error 10.730713 in direction 0
best m,c is 1.310000,17.370000 with error 10.729173 in direction 0
best m,c is 1.310000,17.380000 with error 10.727642 in direction 0
best m,c is 1.310000,17.390000 with error 10.726120 in direction 0
best m,c is 1.310000,17.400000 with error 10.724607 in direction 0
best m,c is 1.310000,17.410000 with error 10.723103 in direction 0
best m,c is 1.310000,17.420000 with error 10.721609 in direction 0
best m,c is 1.310000,17.430000 with error 10.720123 in direction 0
best m,c is 1.300000,17.440000 with error 10.718343 in direction 7
best m,c is 1.300000,17.450000 with error 10.716422 in direction 0
best m,c is 1.300000,17.460000 with error 10.714509 in direction 0
best m,c is 1.300000,17.470000 with error 10.712606 in direction 0
best m,c is 1.300000,17.480000 with error 10.710712 in direction 0
best m,c is 1.300000,17.490000 with error 10.708826 in direction 0
best m,c is 1.300000,17.500000 with error 10.706950 in direction 0
best m,c is 1.300000,17.510000 with error 10.705083 in direction 0
best m,c is 1.300000,17.520000 with error 10.703225 in direction 0
best m,c is 1.300000,17.530000 with error 10.701375 in direction 0
best m,c is 1.300000,17.540000 with error 10.699535 in direction 0
best m,c is 1.300000,17.550000 with error 10.697704 in direction 0
best m,c is 1.300000,17.560000 with error 10.695882 in direction 0
best m,c is 1.300000,17.570000 with error 10.694069 in direction 0
best m,c is 1.300000,17.580000 with error 10.692264 in direction 0
best m,c is 1.300000,17.590000 with error 10.690469 in direction 0
best m,c is 1.300000,17.600000 with error 10.688683 in direction 0
best m,c is 1.300000,17.610000 with error 10.686907 in direction 0
best m,c is 1.300000,17.620000 with error 10.685139 in direction 0
best m,c is 1.300000,17.630000 with error 10.683380 in direction 0
best m,c is 1.300000,17.640000 with error 10.681630 in direction 0
best m,c is 1.300000,17.650000 with error 10.679890 in direction 0
best m,c is 1.300000,17.660000 with error 10.678158 in direction 0
best m,c is 1.300000,17.670000 with error 10.676435 in direction 0
best m,c is 1.300000,17.680000 with error 10.674722 in direction 0
best m,c is 1.300000,17.690000 with error 10.673018 in direction 0
best m,c is 1.300000,17.700000 with error 10.671323 in direction 0
best m,c is 1.300000,17.710000 with error 10.669637 in direction 0
best m,c is 1.300000,17.720000 with error 10.667960 in direction 0
best m,c is 1.300000,17.730000 with error 10.666292 in direction 0
best m,c is 1.300000,17.740000 with error 10.664633 in direction 0
best m,c is 1.300000,17.750000 with error 10.662983 in direction 0
best m,c is 1.300000,17.760000 with error 10.661343 in direction 0
best m,c is 1.300000,17.770000 with error 10.659711 in direction 0
best m,c is 1.300000,17.780000 with error 10.658089 in direction 0
best m,c is 1.300000,17.790000 with error 10.656476 in direction 0
best m,c is 1.300000,17.800000 with error 10.654872 in direction 0
best m,c is 1.300000,17.810000 with error 10.653277 in direction 0
best m,c is 1.300000,17.820000 with error 10.651692 in direction 0
best m,c is 1.300000,17.830000 with error 10.650115 in direction 0
best m,c is 1.300000,17.840000 with error 10.648548 in direction 0
best m,c is 1.300000,17.850000 with error 10.646989 in direction 0
best m,c is 1.300000,17.860000 with error 10.645440 in direction 0
best m,c is 1.300000,17.870000 with error 10.643901 in direction 0
best m,c is 1.300000,17.880000 with error 10.642370 in direction 0
best m,c is 1.300000,17.890000 with error 10.640848 in direction 0
best m,c is 1.300000,17.900000 with error 10.639336 in direction 0
best m,c is 1.300000,17.910000 with error 10.637833 in direction 0
best m,c is 1.300000,17.920000 with error 10.636339 in direction 0
best m,c is 1.300000,17.930000 with error 10.634854 in direction 0
best m,c is 1.300000,17.940000 with error 10.633379 in direction 0
best m,c is 1.300000,17.950000 with error 10.631912 in direction 0
best m,c is 1.300000,17.960000 with error 10.630455 in direction 0
best m,c is 1.300000,17.970000 with error 10.629007 in direction 0
best m,c is 1.300000,17.980000 with error 10.627568 in direction 0
best m,c is 1.300000,17.990000 with error 10.626139 in direction 0
best m,c is 1.300000,18.000000 with error 10.624719 in direction 0
best m,c is 1.300000,18.010000 with error 10.623307 in direction 0
best m,c is 1.300000,18.020000 with error 10.621906 in direction 0
best m,c is 1.300000,18.030000 with error 10.620513 in direction 0
best m,c is 1.300000,18.040000 with error 10.619130 in direction 0
best m,c is 1.300000,18.050000 with error 10.617755 in direction 0
best m,c is 1.300000,18.060000 with error 10.616391 in direction 0
best m,c is 1.300000,18.070000 with error 10.615035 in direction 0
best m,c is 1.300000,18.080000 with error 10.613688 in direction 0
best m,c is 1.300000,18.090000 with error 10.612351 in direction 0
best m,c is 1.290000,18.100000 with error 10.610758 in direction 7
best m,c is 1.290000,18.110000 with error 10.608980 in direction 0
best m,c is 1.290000,18.120000 with error 10.607212 in direction 0
best m,c is 1.290000,18.130000 with error 10.605453 in direction 0
best m,c is 1.290000,18.140000 with error 10.603703 in direction 0
best m,c is 1.290000,18.150000 with error 10.601962 in direction 0
best m,c is 1.290000,18.160000 with error 10.600231 in direction 0
best m,c is 1.290000,18.170000 with error 10.598508 in direction 0
best m,c is 1.290000,18.180000 with error 10.596795 in direction 0
best m,c is 1.290000,18.190000 with error 10.595091 in direction 0
best m,c is 1.290000,18.200000 with error 10.593396 in direction 0
best m,c is 1.290000,18.210000 with error 10.591710 in direction 0
best m,c is 1.290000,18.220000 with error 10.590033 in direction 0
best m,c is 1.290000,18.230000 with error 10.588366 in direction 0
best m,c is 1.290000,18.240000 with error 10.586707 in direction 0
best m,c is 1.290000,18.250000 with error 10.585058 in direction 0
best m,c is 1.290000,18.260000 with error 10.583418 in direction 0
best m,c is 1.290000,18.270000 with error 10.581788 in direction 0
best m,c is 1.290000,18.280000 with error 10.580166 in direction 0
best m,c is 1.290000,18.290000 with error 10.578554 in direction 0
best m,c is 1.290000,18.300000 with error 10.576951 in direction 0
best m,c is 1.290000,18.310000 with error 10.575357 in direction 0
best m,c is 1.290000,18.320000 with error 10.573772 in direction 0
best m,c is 1.290000,18.330000 with error 10.572197 in direction 0
best m,c is 1.290000,18.340000 with error 10.570630 in direction 0
best m,c is 1.290000,18.350000 with error 10.569073 in direction 0
best m,c is 1.290000,18.360000 with error 10.567526 in direction 0
best m,c is 1.290000,18.370000 with error 10.565987 in direction 0
best m,c is 1.290000,18.380000 with error 10.564458 in direction 0
best m,c is 1.290000,18.390000 with error 10.562938 in direction 0
best m,c is 1.290000,18.400000 with error 10.561427 in direction 0
best m,c is 1.290000,18.410000 with error 10.559925 in direction 0
best m,c is 1.290000,18.420000 with error 10.558433 in direction 0
best m,c is 1.290000,18.430000 with error 10.556950 in direction 0
best m,c is 1.290000,18.440000 with error 10.555476 in direction 0
best m,c is 1.290000,18.450000 with error 10.554012 in direction 0
best m,c is 1.290000,18.460000 with error 10.552557 in direction 0
best m,c is 1.290000,18.470000 with error 10.551111 in direction 0
best m,c is 1.290000,18.480000 with error 10.549674 in direction 0
best m,c is 1.290000,18.490000 with error 10.548247 in direction 0
best m,c is 1.290000,18.500000 with error 10.546828 in direction 0
best m,c is 1.290000,18.510000 with error 10.545420 in direction 0
best m,c is 1.290000,18.520000 with error 10.544020 in direction 0
best m,c is 1.290000,18.530000 with error 10.542630 in direction 0
best m,c is 1.290000,18.540000 with error 10.541249 in direction 0
best m,c is 1.290000,18.550000 with error 10.539878 in direction 0
best m,c is 1.290000,18.560000 with error 10.538515 in direction 0
best m,c is 1.290000,18.570000 with error 10.537162 in direction 0
best m,c is 1.290000,18.580000 with error 10.535819 in direction 0
best m,c is 1.290000,18.590000 with error 10.534484 in direction 0
best m,c is 1.290000,18.600000 with error 10.533159 in direction 0
best m,c is 1.290000,18.610000 with error 10.531844 in direction 0
best m,c is 1.290000,18.620000 with error 10.530537 in direction 0
best m,c is 1.290000,18.630000 with error 10.529240 in direction 0
best m,c is 1.290000,18.640000 with error 10.527953 in direction 0
best m,c is 1.290000,18.650000 with error 10.526674 in direction 0
best m,c is 1.290000,18.660000 with error 10.525405 in direction 0
best m,c is 1.290000,18.670000 with error 10.524146 in direction 0
best m,c is 1.290000,18.680000 with error 10.522895 in direction 0
best m,c is 1.290000,18.690000 with error 10.521654 in direction 0
best m,c is 1.290000,18.700000 with error 10.520423 in direction 0
best m,c is 1.290000,18.710000 with error 10.519201 in direction 0
best m,c is 1.290000,18.720000 with error 10.517988 in direction 0
best m,c is 1.290000,18.730000 with error 10.516784 in direction 0
best m,c is 1.290000,18.740000 with error 10.515590 in direction 0
best m,c is 1.290000,18.750000 with error 10.514406 in direction 0
best m,c is 1.280000,18.760000 with error 10.513003 in direction 7
best m,c is 1.280000,18.770000 with error 10.511374 in direction 0
best m,c is 1.280000,18.780000 with error 10.509755 in direction 0
best m,c is 1.280000,18.790000 with error 10.508144 in direction 0
best m,c is 1.280000,18.800000 with error 10.506543 in direction 0
best m,c is 1.280000,18.810000 with error 10.504952 in direction 0
best m,c is 1.280000,18.820000 with error 10.503369 in direction 0
best m,c is 1.280000,18.830000 with error 10.501796 in direction 0
best m,c is 1.280000,18.840000 with error 10.500232 in direction 0
best m,c is 1.280000,18.850000 with error 10.498677 in direction 0
best m,c is 1.280000,18.860000 with error 10.497132 in direction 0
best m,c is 1.280000,18.870000 with error 10.495596 in direction 0
best m,c is 1.280000,18.880000 with error 10.494069 in direction 0
best m,c is 1.280000,18.890000 with error 10.492551 in direction 0
best m,c is 1.280000,18.900000 with error 10.491043 in direction 0
best m,c is 1.280000,18.910000 with error 10.489544 in direction 0
best m,c is 1.280000,18.920000 with error 10.488055 in direction 0
best m,c is 1.280000,18.930000 with error 10.486575 in direction 0
best m,c is 1.280000,18.940000 with error 10.485104 in direction 0
best m,c is 1.280000,18.950000 with error 10.483642 in direction 0
best m,c is 1.280000,18.960000 with error 10.482190 in direction 0
best m,c is 1.280000,18.970000 with error 10.480747 in direction 0
best m,c is 1.280000,18.980000 with error 10.479314 in direction 0
best m,c is 1.280000,18.990000 with error 10.477890 in direction 0
best m,c is 1.280000,19.000000 with error 10.476475 in direction 0
best m,c is 1.280000,19.010000 with error 10.475069 in direction 0
best m,c is 1.280000,19.020000 with error 10.473673 in direction 0
best m,c is 1.280000,19.030000 with error 10.472286 in direction 0
best m,c is 1.280000,19.040000 with error 10.470909 in direction 0
best m,c is 1.280000,19.050000 with error 10.469541 in direction 0
best m,c is 1.280000,19.060000 with error 10.468182 in direction 0
best m,c is 1.280000,19.070000 with error 10.466833 in direction 0
best m,c is 1.280000,19.080000 with error 10.465493 in direction 0
best m,c is 1.280000,19.090000 with error 10.464163 in direction 0
best m,c is 1.280000,19.100000 with error 10.462842 in direction 0
best m,c is 1.280000,19.110000 with error 10.461530 in direction 0
best m,c is 1.280000,19.120000 with error 10.460228 in direction 0
best m,c is 1.280000,19.130000 with error 10.458935 in direction 0
best m,c is 1.280000,19.140000 with error 10.457651 in direction 0
best m,c is 1.280000,19.150000 with error 10.456377 in direction 0
best m,c is 1.280000,19.160000 with error 10.455113 in direction 0
best m,c is 1.280000,19.170000 with error 10.453857 in direction 0
best m,c is 1.280000,19.180000 with error 10.452611 in direction 0
best m,c is 1.280000,19.190000 with error 10.451375 in direction 0
best m,c is 1.280000,19.200000 with error 10.450148 in direction 0
best m,c is 1.280000,19.210000 with error 10.448930 in direction 0
best m,c is 1.280000,19.220000 with error 10.447722 in direction 0
best m,c is 1.280000,19.230000 with error 10.446523 in direction 0
best m,c is 1.280000,19.240000 with error 10.445334 in direction 0
best m,c is 1.280000,19.250000 with error 10.444154 in direction 0
best m,c is 1.280000,19.260000 with error 10.442984 in direction 0
best m,c is 1.280000,19.270000 with error 10.441823 in direction 0
best m,c is 1.280000,19.280000 with error 10.440671 in direction 0
best m,c is 1.280000,19.290000 with error 10.439529 in direction 0
best m,c is 1.280000,19.300000 with error 10.438397 in direction 0
best m,c is 1.280000,19.310000 with error 10.437274 in direction 0
best m,c is 1.280000,19.320000 with error 10.436160 in direction 0
best m,c is 1.280000,19.330000 with error 10.435056 in direction 0
best m,c is 1.280000,19.340000 with error 10.433961 in direction 0
best m,c is 1.280000,19.350000 with error 10.432876 in direction 0
best m,c is 1.280000,19.360000 with error 10.431800 in direction 0
best m,c is 1.280000,19.370000 with error 10.430734 in direction 0
best m,c is 1.280000,19.380000 with error 10.429677 in direction 0
best m,c is 1.280000,19.390000 with error 10.428629 in direction 0
best m,c is 1.280000,19.400000 with error 10.427591 in direction 0
best m,c is 1.280000,19.410000 with error 10.426563 in direction 0
best m,c is 1.270000,19.420000 with error 10.425357 in direction 7
best m,c is 1.270000,19.430000 with error 10.423881 in direction 0
best m,c is 1.270000,19.440000 with error 10.422414 in direction 0
best m,c is 1.270000,19.450000 with error 10.420956 in direction 0
best m,c is 1.270000,19.460000 with error 10.419508 in direction 0
best m,c is 1.270000,19.470000 with error 10.418070 in direction 0
best m,c is 1.270000,19.480000 with error 10.416640 in direction 0
best m,c is 1.270000,19.490000 with error 10.415221 in direction 0
best m,c is 1.270000,19.500000 with error 10.413810 in direction 0
best m,c is 1.270000,19.510000 with error 10.412409 in direction 0
best m,c is 1.270000,19.520000 with error 10.411017 in direction 0
best m,c is 1.270000,19.530000 with error 10.409635 in direction 0
best m,c is 1.270000,19.540000 with error 10.408262 in direction 0
best m,c is 1.270000,19.550000 with error 10.406899 in direction 0
best m,c is 1.270000,19.560000 with error 10.405545 in direction 0
best m,c is 1.270000,19.570000 with error 10.404201 in direction 0
best m,c is 1.270000,19.580000 with error 10.402866 in direction 0
best m,c is 1.270000,19.590000 with error 10.401540 in direction 0
best m,c is 1.270000,19.600000 with error 10.400224 in direction 0
best m,c is 1.270000,19.610000 with error 10.398917 in direction 0
best m,c is 1.270000,19.620000 with error 10.397620 in direction 0
best m,c is 1.270000,19.630000 with error 10.396332 in direction 0
best m,c is 1.270000,19.640000 with error 10.395054 in direction 0
best m,c is 1.270000,19.650000 with error 10.393785 in direction 0
best m,c is 1.270000,19.660000 with error 10.392526 in direction 0
best m,c is 1.270000,19.670000 with error 10.391276 in direction 0
best m,c is 1.270000,19.680000 with error 10.390035 in direction 0
best m,c is 1.270000,19.690000 with error 10.388804 in direction 0
best m,c is 1.270000,19.700000 with error 10.387583 in direction 0
best m,c is 1.270000,19.710000 with error 10.386371 in direction 0
best m,c is 1.270000,19.720000 with error 10.385168 in direction 0
best m,c is 1.270000,19.730000 with error 10.383975 in direction 0
best m,c is 1.270000,19.740000 with error 10.382791 in direction 0
best m,c is 1.270000,19.750000 with error 10.381617 in direction 0
best m,c is 1.270000,19.760000 with error 10.380453 in direction 0
best m,c is 1.270000,19.770000 with error 10.379298 in direction 0
best m,c is 1.270000,19.780000 with error 10.378152 in direction 0
best m,c is 1.270000,19.790000 with error 10.377016 in direction 0
best m,c is 1.270000,19.800000 with error 10.375890 in direction 0
best m,c is 1.270000,19.810000 with error 10.374773 in direction 0
best m,c is 1.270000,19.820000 with error 10.373665 in direction 0
best m,c is 1.270000,19.830000 with error 10.372567 in direction 0
best m,c is 1.270000,19.840000 with error 10.371479 in direction 0
best m,c is 1.270000,19.850000 with error 10.370400 in direction 0
best m,c is 1.270000,19.860000 with error 10.369331 in direction 0
best m,c is 1.270000,19.870000 with error 10.368271 in direction 0
best m,c is 1.270000,19.880000 with error 10.367221 in direction 0
best m,c is 1.270000,19.890000 with error 10.366180 in direction 0
best m,c is 1.270000,19.900000 with error 10.365149 in direction 0
best m,c is 1.270000,19.910000 with error 10.364127 in direction 0
best m,c is 1.270000,19.920000 with error 10.363115 in direction 0
best m,c is 1.270000,19.930000 with error 10.362112 in direction 0
best m,c is 1.270000,19.940000 with error 10.361119 in direction 0
best m,c is 1.270000,19.950000 with error 10.360136 in direction 0
best m,c is 1.270000,19.960000 with error 10.359162 in direction 0
best m,c is 1.270000,19.970000 with error 10.358198 in direction 0
best m,c is 1.270000,19.980000 with error 10.357243 in direction 0
best m,c is 1.270000,19.990000 with error 10.356298 in direction 0
best m,c is 1.270000,20.000000 with error 10.355362 in direction 0
best m,c is 1.270000,20.010000 with error 10.354436 in direction 0
best m,c is 1.270000,20.020000 with error 10.353519 in direction 0
best m,c is 1.270000,20.030000 with error 10.352612 in direction 0
best m,c is 1.270000,20.040000 with error 10.351715 in direction 0
best m,c is 1.270000,20.050000 with error 10.350827 in direction 0
best m,c is 1.270000,20.060000 with error 10.349949 in direction 0
best m,c is 1.270000,20.070000 with error 10.349081 in direction 0
best m,c is 1.260000,20.080000 with error 10.348075 in direction 7
best m,c is 1.260000,20.090000 with error 10.346756 in direction 0
best m,c is 1.260000,20.100000 with error 10.345445 in direction 0
best m,c is 1.260000,20.110000 with error 10.344145 in direction 0
best m,c is 1.260000,20.120000 with error 10.342854 in direction 0
best m,c is 1.260000,20.130000 with error 10.341572 in direction 0
best m,c is 1.260000,20.140000 with error 10.340300 in direction 0
best m,c is 1.260000,20.150000 with error 10.339037 in direction 0
best m,c is 1.260000,20.160000 with error 10.337784 in direction 0
best m,c is 1.260000,20.170000 with error 10.336540 in direction 0
best m,c is 1.260000,20.180000 with error 10.335306 in direction 0
best m,c is 1.260000,20.190000 with error 10.334082 in direction 0
best m,c is 1.260000,20.200000 with error 10.332867 in direction 0
best m,c is 1.260000,20.210000 with error 10.331661 in direction 0
best m,c is 1.260000,20.220000 with error 10.330466 in direction 0
best m,c is 1.260000,20.230000 with error 10.329279 in direction 0
best m,c is 1.260000,20.240000 with error 10.328102 in direction 0
best m,c is 1.260000,20.250000 with error 10.326935 in direction 0
best m,c is 1.260000,20.260000 with error 10.325777 in direction 0
best m,c is 1.260000,20.270000 with error 10.324629 in direction 0
best m,c is 1.260000,20.280000 with error 10.323490 in direction 0
best m,c is 1.260000,20.290000 with error 10.322361 in direction 0
best m,c is 1.260000,20.300000 with error 10.321242 in direction 0
best m,c is 1.260000,20.310000 with error 10.320132 in direction 0
best m,c is 1.260000,20.320000 with error 10.319032 in direction 0
best m,c is 1.260000,20.330000 with error 10.317941 in direction 0
best m,c is 1.260000,20.340000 with error 10.316860 in direction 0
best m,c is 1.260000,20.350000 with error 10.315788 in direction 0
best m,c is 1.260000,20.360000 with error 10.314726 in direction 0
best m,c is 1.260000,20.370000 with error 10.313674 in direction 0
best m,c is 1.260000,20.380000 with error 10.312631 in direction 0
best m,c is 1.260000,20.390000 with error 10.311597 in direction 0
best m,c is 1.260000,20.400000 with error 10.310574 in direction 0
best m,c is 1.260000,20.410000 with error 10.309560 in direction 0
best m,c is 1.260000,20.420000 with error 10.308555 in direction 0
best m,c is 1.260000,20.430000 with error 10.307560 in direction 0
best m,c is 1.260000,20.440000 with error 10.306575 in direction 0
best m,c is 1.260000,20.450000 with error 10.305599 in direction 0
best m,c is 1.260000,20.460000 with error 10.304633 in direction 0
best m,c is 1.260000,20.470000 with error 10.303677 in direction 0
best m,c is 1.260000,20.480000 with error 10.302730 in direction 0
best m,c is 1.260000,20.490000 with error 10.301793 in direction 0
best m,c is 1.260000,20.500000 with error 10.300865 in direction 0
best m,c is 1.260000,20.510000 with error 10.299948 in direction 0
best m,c is 1.260000,20.520000 with error 10.299039 in direction 0
best m,c is 1.260000,20.530000 with error 10.298141 in direction 0
best m,c is 1.260000,20.540000 with error 10.297251 in direction 0
best m,c is 1.260000,20.550000 with error 10.296372 in direction 0
best m,c is 1.260000,20.560000 with error 10.295502 in direction 0
best m,c is 1.260000,20.570000 with error 10.294642 in direction 0
best m,c is 1.260000,20.580000 with error 10.293792 in direction 0
best m,c is 1.260000,20.590000 with error 10.292951 in direction 0
best m,c is 1.260000,20.600000 with error 10.292120 in direction 0
best m,c is 1.260000,20.610000 with error 10.291298 in direction 0
best m,c is 1.260000,20.620000 with error 10.290486 in direction 0
best m,c is 1.260000,20.630000 with error 10.289684 in direction 0
best m,c is 1.260000,20.640000 with error 10.288891 in direction 0
best m,c is 1.260000,20.650000 with error 10.288108 in direction 0
best m,c is 1.260000,20.660000 with error 10.287335 in direction 0
best m,c is 1.260000,20.670000 with error 10.286572 in direction 0
best m,c is 1.260000,20.680000 with error 10.285818 in direction 0
best m,c is 1.260000,20.690000 with error 10.285073 in direction 0
best m,c is 1.260000,20.700000 with error 10.284339 in direction 0
best m,c is 1.260000,20.710000 with error 10.283614 in direction 0
best m,c is 1.260000,20.720000 with error 10.282899 in direction 0
best m,c is 1.260000,20.730000 with error 10.282193 in direction 0
best m,c is 1.250000,20.740000 with error 10.281392 in direction 7
best m,c is 1.250000,20.750000 with error 10.280232 in direction 0
best m,c is 1.250000,20.760000 with error 10.279082 in direction 0
best m,c is 1.250000,20.770000 with error 10.277942 in direction 0
best m,c is 1.250000,20.780000 with error 10.276811 in direction 0
best m,c is 1.250000,20.790000 with error 10.275690 in direction 0
best m,c is 1.250000,20.800000 with error 10.274579 in direction 0
best m,c is 1.250000,20.810000 with error 10.273477 in direction 0
best m,c is 1.250000,20.820000 with error 10.272384 in direction 0
best m,c is 1.250000,20.830000 with error 10.271302 in direction 0
best m,c is 1.250000,20.840000 with error 10.270229 in direction 0
best m,c is 1.250000,20.850000 with error 10.269165 in direction 0
best m,c is 1.250000,20.860000 with error 10.268112 in direction 0
best m,c is 1.250000,20.870000 with error 10.267067 in direction 0
best m,c is 1.250000,20.880000 with error 10.266033 in direction 0
best m,c is 1.250000,20.890000 with error 10.265008 in direction 0
best m,c is 1.250000,20.900000 with error 10.263993 in direction 0
best m,c is 1.250000,20.910000 with error 10.262987 in direction 0
best m,c is 1.250000,20.920000 with error 10.261991 in direction 0
best m,c is 1.250000,20.930000 with error 10.261005 in direction 0
best m,c is 1.250000,20.940000 with error 10.260028 in direction 0
best m,c is 1.250000,20.950000 with error 10.259061 in direction 0
best m,c is 1.250000,20.960000 with error 10.258104 in direction 0
best m,c is 1.250000,20.970000 with error 10.257156 in direction 0
best m,c is 1.250000,20.980000 with error 10.256218 in direction 0
best m,c is 1.250000,20.990000 with error 10.255290 in direction 0
best m,c is 1.250000,21.000000 with error 10.254371 in direction 0
best m,c is 1.250000,21.010000 with error 10.253462 in direction 0
best m,c is 1.250000,21.020000 with error 10.252563 in direction 0
best m,c is 1.250000,21.030000 with error 10.251673 in direction 0
best m,c is 1.250000,21.040000 with error 10.250793 in direction 0
best m,c is 1.250000,21.050000 with error 10.249923 in direction 0
best m,c is 1.250000,21.060000 with error 10.249062 in direction 0
best m,c is 1.250000,21.070000 with error 10.248211 in direction 0
best m,c is 1.250000,21.080000 with error 10.247370 in direction 0
best m,c is 1.250000,21.090000 with error 10.246538 in direction 0
best m,c is 1.250000,21.100000 with error 10.245716 in direction 0
best m,c is 1.250000,21.110000 with error 10.244904 in direction 0
best m,c is 1.250000,21.120000 with error 10.244102 in direction 0
best m,c is 1.250000,21.130000 with error 10.243309 in direction 0
best m,c is 1.250000,21.140000 with error 10.242526 in direction 0
best m,c is 1.250000,21.150000 with error 10.241752 in direction 0
best m,c is 1.250000,21.160000 with error 10.240989 in direction 0
best m,c is 1.250000,21.170000 with error 10.240235 in direction 0
best m,c is 1.250000,21.180000 with error 10.239490 in direction 0
best m,c is 1.250000,21.190000 with error 10.238756 in direction 0
best m,c is 1.250000,21.200000 with error 10.238031 in direction 0
best m,c is 1.250000,21.210000 with error 10.237316 in direction 0
best m,c is 1.250000,21.220000 with error 10.236611 in direction 0
best m,c is 1.250000,21.230000 with error 10.235915 in direction 0
best m,c is 1.250000,21.240000 with error 10.235229 in direction 0
best m,c is 1.250000,21.250000 with error 10.234553 in direction 0
best m,c is 1.250000,21.260000 with error 10.233886 in direction 0
best m,c is 1.250000,21.270000 with error 10.233229 in direction 0
best m,c is 1.250000,21.280000 with error 10.232582 in direction 0
best m,c is 1.250000,21.290000 with error 10.231945 in direction 0
best m,c is 1.250000,21.300000 with error 10.231317 in direction 0
best m,c is 1.250000,21.310000 with error 10.230700 in direction 0
best m,c is 1.250000,21.320000 with error 10.230092 in direction 0
best m,c is 1.250000,21.330000 with error 10.229493 in direction 0
best m,c is 1.250000,21.340000 with error 10.228905 in direction 0
best m,c is 1.250000,21.350000 with error 10.228326 in direction 0
best m,c is 1.250000,21.360000 with error 10.227757 in direction 0
best m,c is 1.250000,21.370000 with error 10.227197 in direction 0
best m,c is 1.250000,21.380000 with error 10.226648 in direction 0
best m,c is 1.250000,21.390000 with error 10.226108 in direction 0
best m,c is 1.240000,21.400000 with error 10.225514 in direction 7
best m,c is 1.240000,21.410000 with error 10.224518 in direction 0
best m,c is 1.240000,21.420000 with error 10.223531 in direction 0
best m,c is 1.240000,21.430000 with error 10.222555 in direction 0
best m,c is 1.240000,21.440000 with error 10.221587 in direction 0
best m,c is 1.240000,21.450000 with error 10.220630 in direction 0
best m,c is 1.240000,21.460000 with error 10.219682 in direction 0
best m,c is 1.240000,21.470000 with error 10.218744 in direction 0
best m,c is 1.240000,21.480000 with error 10.217815 in direction 0
best m,c is 1.240000,21.490000 with error 10.216897 in direction 0
best m,c is 1.240000,21.500000 with error 10.215988 in direction 0
best m,c is 1.240000,21.510000 with error 10.215088 in direction 0
best m,c is 1.240000,21.520000 with error 10.214199 in direction 0
best m,c is 1.240000,21.530000 with error 10.213319 in direction 0
best m,c is 1.240000,21.540000 with error 10.212449 in direction 0
best m,c is 1.240000,21.550000 with error 10.211588 in direction 0
best m,c is 1.240000,21.560000 with error 10.210737 in direction 0
best m,c is 1.240000,21.570000 with error 10.209896 in direction 0
best m,c is 1.240000,21.580000 with error 10.209065 in direction 0
best m,c is 1.240000,21.590000 with error 10.208244 in direction 0
best m,c is 1.240000,21.600000 with error 10.207432 in direction 0
best m,c is 1.240000,21.610000 with error 10.206630 in direction 0
best m,c is 1.240000,21.620000 with error 10.205837 in direction 0
best m,c is 1.240000,21.630000 with error 10.205055 in direction 0
best m,c is 1.240000,21.640000 with error 10.204282 in direction 0
best m,c is 1.240000,21.650000 with error 10.203519 in direction 0
best m,c is 1.240000,21.660000 with error 10.202765 in direction 0
best m,c is 1.240000,21.670000 with error 10.202022 in direction 0
best m,c is 1.240000,21.680000 with error 10.201288 in direction 0
best m,c is 1.240000,21.690000 with error 10.200563 in direction 0
best m,c is 1.240000,21.700000 with error 10.199849 in direction 0
best m,c is 1.240000,21.710000 with error 10.199144 in direction 0
best m,c is 1.240000,21.720000 with error 10.198450 in direction 0
best m,c is 1.240000,21.730000 with error 10.197764 in direction 0
best m,c is 1.240000,21.740000 with error 10.197089 in direction 0
best m,c is 1.240000,21.750000 with error 10.196423 in direction 0
best m,c is 1.240000,21.760000 with error 10.195768 in direction 0
best m,c is 1.240000,21.770000 with error 10.195122 in direction 0
best m,c is 1.240000,21.780000 with error 10.194485 in direction 0
best m,c is 1.240000,21.790000 with error 10.193859 in direction 0
best m,c is 1.240000,21.800000 with error 10.193242 in direction 0
best m,c is 1.240000,21.810000 with error 10.192635 in direction 0
best m,c is 1.240000,21.820000 with error 10.192038 in direction 0
best m,c is 1.240000,21.830000 with error 10.191450 in direction 0
best m,c is 1.240000,21.840000 with error 10.190873 in direction 0
best m,c is 1.240000,21.850000 with error 10.190305 in direction 0
best m,c is 1.240000,21.860000 with error 10.189747 in direction 0
best m,c is 1.240000,21.870000 with error 10.189198 in direction 0
best m,c is 1.240000,21.880000 with error 10.188660 in direction 0
best m,c is 1.240000,21.890000 with error 10.188131 in direction 0
best m,c is 1.240000,21.900000 with error 10.187612 in direction 0
best m,c is 1.240000,21.910000 with error 10.187103 in direction 0
best m,c is 1.240000,21.920000 with error 10.186604 in direction 0
best m,c is 1.240000,21.930000 with error 10.186114 in direction 0
best m,c is 1.240000,21.940000 with error 10.185634 in direction 0
best m,c is 1.240000,21.950000 with error 10.185164 in direction 0
best m,c is 1.240000,21.960000 with error 10.184704 in direction 0
best m,c is 1.240000,21.970000 with error 10.184254 in direction 0
best m,c is 1.240000,21.980000 with error 10.183813 in direction 0
best m,c is 1.240000,21.990000 with error 10.183382 in direction 0
best m,c is 1.240000,22.000000 with error 10.182961 in direction 0
best m,c is 1.240000,22.010000 with error 10.182550 in direction 0
best m,c is 1.240000,22.020000 with error 10.182149 in direction 0
best m,c is 1.240000,22.030000 with error 10.181757 in direction 0
best m,c is 1.240000,22.040000 with error 10.181375 in direction 0
best m,c is 1.240000,22.050000 with error 10.181003 in direction 0
best m,c is 1.230000,22.060000 with error 10.180620 in direction 7
best m,c is 1.230000,22.070000 with error 10.179790 in direction 0
best m,c is 1.230000,22.080000 with error 10.178969 in direction 0
best m,c is 1.230000,22.090000 with error 10.178159 in direction 0
best m,c is 1.230000,22.100000 with error 10.177358 in direction 0
best m,c is 1.230000,22.110000 with error 10.176566 in direction 0
best m,c is 1.230000,22.120000 with error 10.175785 in direction 0
best m,c is 1.230000,22.130000 with error 10.175013 in direction 0
best m,c is 1.230000,22.140000 with error 10.174251 in direction 0
best m,c is 1.230000,22.150000 with error 10.173499 in direction 0
best m,c is 1.230000,22.160000 with error 10.172756 in direction 0
best m,c is 1.230000,22.170000 with error 10.172024 in direction 0
best m,c is 1.230000,22.180000 with error 10.171301 in direction 0
best m,c is 1.230000,22.190000 with error 10.170588 in direction 0
best m,c is 1.230000,22.200000 with error 10.169884 in direction 0
best m,c is 1.230000,22.210000 with error 10.169191 in direction 0
best m,c is 1.230000,22.220000 with error 10.168507 in direction 0
best m,c is 1.230000,22.230000 with error 10.167833 in direction 0
best m,c is 1.230000,22.240000 with error 10.167169 in direction 0
best m,c is 1.230000,22.250000 with error 10.166515 in direction 0
best m,c is 1.230000,22.260000 with error 10.165870 in direction 0
best m,c is 1.230000,22.270000 with error 10.165235 in direction 0
best m,c is 1.230000,22.280000 with error 10.164610 in direction 0
best m,c is 1.230000,22.290000 with error 10.163995 in direction 0
best m,c is 1.230000,22.300000 with error 10.163390 in direction 0
best m,c is 1.230000,22.310000 with error 10.162794 in direction 0
best m,c is 1.230000,22.320000 with error 10.162208 in direction 0
best m,c is 1.230000,22.330000 with error 10.161632 in direction 0
best m,c is 1.230000,22.340000 with error 10.161066 in direction 0
best m,c is 1.230000,22.350000 with error 10.160510 in direction 0
best m,c is 1.230000,22.360000 with error 10.159963 in direction 0
best m,c is 1.230000,22.370000 with error 10.159426 in direction 0
best m,c is 1.230000,22.380000 with error 10.158900 in direction 0
best m,c is 1.230000,22.390000 with error 10.158382 in direction 0
best m,c is 1.230000,22.400000 with error 10.157875 in direction 0
best m,c is 1.230000,22.410000 with error 10.157378 in direction 0
best m,c is 1.230000,22.420000 with error 10.156890 in direction 0
best m,c is 1.230000,22.430000 with error 10.156412 in direction 0
best m,c is 1.230000,22.440000 with error 10.155944 in direction 0
best m,c is 1.230000,22.450000 with error 10.155486 in direction 0
best m,c is 1.230000,22.460000 with error 10.155038 in direction 0
best m,c is 1.230000,22.470000 with error 10.154599 in direction 0
best m,c is 1.230000,22.480000 with error 10.154171 in direction 0
best m,c is 1.230000,22.490000 with error 10.153752 in direction 0
best m,c is 1.230000,22.500000 with error 10.153343 in direction 0
best m,c is 1.230000,22.510000 with error 10.152944 in direction 0
best m,c is 1.230000,22.520000 with error 10.152554 in direction 0
best m,c is 1.230000,22.530000 with error 10.152175 in direction 0
best m,c is 1.230000,22.540000 with error 10.151805 in direction 0
best m,c is 1.230000,22.550000 with error 10.151445 in direction 0
best m,c is 1.230000,22.560000 with error 10.151095 in direction 0
best m,c is 1.230000,22.570000 with error 10.150755 in direction 0
best m,c is 1.230000,22.580000 with error 10.150425 in direction 0
best m,c is 1.230000,22.590000 with error 10.150104 in direction 0
best m,c is 1.230000,22.600000 with error 10.149794 in direction 0
best m,c is 1.230000,22.610000 with error 10.149493 in direction 0
best m,c is 1.230000,22.620000 with error 10.149202 in direction 0
best m,c is 1.230000,22.630000 with error 10.148921 in direction 0
best m,c is 1.230000,22.640000 with error 10.148649 in direction 0
best m,c is 1.230000,22.650000 with error 10.148388 in direction 0
best m,c is 1.230000,22.660000 with error 10.148136 in direction 0
best m,c is 1.230000,22.670000 with error 10.147895 in direction 0
best m,c is 1.230000,22.680000 with error 10.147663 in direction 0
best m,c is 1.230000,22.690000 with error 10.147441 in direction 0
best m,c is 1.230000,22.700000 with error 10.147229 in direction 0
best m,c is 1.230000,22.710000 with error 10.147026 in direction 0
best m,c is 1.230000,22.720000 with error 10.146834 in direction 0
best m,c is 1.220000,22.730000 with error 10.146194 in direction 7
best m,c is 1.220000,22.740000 with error 10.145541 in direction 0
best m,c is 1.220000,22.750000 with error 10.144899 in direction 0
best m,c is 1.220000,22.760000 with error 10.144266 in direction 0
best m,c is 1.220000,22.770000 with error 10.143643 in direction 0
best m,c is 1.220000,22.780000 with error 10.143030 in direction 0
best m,c is 1.220000,22.790000 with error 10.142427 in direction 0
best m,c is 1.220000,22.800000 with error 10.141833 in direction 0
best m,c is 1.220000,22.810000 with error 10.141250 in direction 0
best m,c is 1.220000,22.820000 with error 10.140676 in direction 0
best m,c is 1.220000,22.830000 with error 10.140112 in direction 0
best m,c is 1.220000,22.840000 with error 10.139558 in direction 0
best m,c is 1.220000,22.850000 with error 10.139013 in direction 0
best m,c is 1.220000,22.860000 with error 10.138479 in direction 0
best m,c is 1.220000,22.870000 with error 10.137954 in direction 0
best m,c is 1.220000,22.880000 with error 10.137439 in direction 0
best m,c is 1.220000,22.890000 with error 10.136935 in direction 0
best m,c is 1.220000,22.900000 with error 10.136439 in direction 0
best m,c is 1.220000,22.910000 with error 10.135954 in direction 0
best m,c is 1.220000,22.920000 with error 10.135479 in direction 0
best m,c is 1.220000,22.930000 with error 10.135013 in direction 0
best m,c is 1.220000,22.940000 with error 10.134557 in direction 0
best m,c is 1.220000,22.950000 with error 10.134111 in direction 0
best m,c is 1.220000,22.960000 with error 10.133675 in direction 0
best m,c is 1.220000,22.970000 with error 10.133249 in direction 0
best m,c is 1.220000,22.980000 with error 10.132833 in direction 0
best m,c is 1.220000,22.990000 with error 10.132426 in direction 0
best m,c is 1.220000,23.000000 with error 10.132030 in direction 0
best m,c is 1.220000,23.010000 with error 10.131643 in direction 0
best m,c is 1.220000,23.020000 with error 10.131266 in direction 0
best m,c is 1.220000,23.030000 with error 10.130899 in direction 0
best m,c is 1.220000,23.040000 with error 10.130542 in direction 0
best m,c is 1.220000,23.050000 with error 10.130194 in direction 0
best m,c is 1.220000,23.060000 with error 10.129857 in direction 0
best m,c is 1.220000,23.070000 with error 10.129529 in direction 0
best m,c is 1.220000,23.080000 with error 10.129211 in direction 0
best m,c is 1.220000,23.090000 with error 10.128903 in direction 0
best m,c is 1.220000,23.100000 with error 10.128605 in direction 0
best m,c is 1.220000,23.110000 with error 10.128317 in direction 0
best m,c is 1.220000,23.120000 with error 10.128039 in direction 0
best m,c is 1.220000,23.130000 with error 10.127770 in direction 0
best m,c is 1.220000,23.140000 with error 10.127512 in direction 0
best m,c is 1.220000,23.150000 with error 10.127263 in direction 0
best m,c is 1.220000,23.160000 with error 10.127024 in direction 0
best m,c is 1.220000,23.170000 with error 10.126795 in direction 0
best m,c is 1.220000,23.180000 with error 10.126576 in direction 0
best m,c is 1.220000,23.190000 with error 10.126367 in direction 0
best m,c is 1.220000,23.200000 with error 10.126167 in direction 0
best m,c is 1.220000,23.210000 with error 10.125978 in direction 0
best m,c is 1.220000,23.220000 with error 10.125798 in direction 0
best m,c is 1.220000,23.230000 with error 10.125629 in direction 0
best m,c is 1.220000,23.240000 with error 10.125469 in direction 0
best m,c is 1.220000,23.250000 with error 10.125319 in direction 0
best m,c is 1.220000,23.260000 with error 10.125179 in direction 0
best m,c is 1.220000,23.270000 with error 10.125048 in direction 0
best m,c is 1.220000,23.280000 with error 10.124928 in direction 0
best m,c is 1.220000,23.290000 with error 10.124817 in direction 0
best m,c is 1.220000,23.300000 with error 10.124717 in direction 0
best m,c is 1.220000,23.310000 with error 10.124626 in direction 0
best m,c is 1.220000,23.320000 with error 10.124545 in direction 0
best m,c is 1.220000,23.330000 with error 10.124474 in direction 0
best m,c is 1.220000,23.340000 with error 10.124413 in direction 0
best m,c is 1.220000,23.350000 with error 10.124362 in direction 0
best m,c is 1.220000,23.360000 with error 10.124320 in direction 0
best m,c is 1.220000,23.370000 with error 10.124289 in direction 0
best m,c is 1.220000,23.380000 with error 10.124267 in direction 0
best m,c is 1.210000,23.390000 with error 10.123840 in direction 7
best m,c is 1.210000,23.400000 with error 10.123357 in direction 0
best m,c is 1.210000,23.410000 with error 10.122885 in direction 0
best m,c is 1.210000,23.420000 with error 10.122422 in direction 0
best m,c is 1.210000,23.430000 with error 10.121969 in direction 0
best m,c is 1.210000,23.440000 with error 10.121526 in direction 0
best m,c is 1.210000,23.450000 with error 10.121093 in direction 0
best m,c is 1.210000,23.460000 with error 10.120669 in direction 0
best m,c is 1.210000,23.470000 with error 10.120256 in direction 0
best m,c is 1.210000,23.480000 with error 10.119852 in direction 0
best m,c is 1.210000,23.490000 with error 10.119458 in direction 0
best m,c is 1.210000,23.500000 with error 10.119074 in direction 0
best m,c is 1.210000,23.510000 with error 10.118700 in direction 0
best m,c is 1.210000,23.520000 with error 10.118336 in direction 0
best m,c is 1.210000,23.530000 with error 10.117982 in direction 0
best m,c is 1.210000,23.540000 with error 10.117637 in direction 0
best m,c is 1.210000,23.550000 with error 10.117303 in direction 0
best m,c is 1.210000,23.560000 with error 10.116978 in direction 0
best m,c is 1.210000,23.570000 with error 10.116663 in direction 0
best m,c is 1.210000,23.580000 with error 10.116358 in direction 0
best m,c is 1.210000,23.590000 with error 10.116063 in direction 0
best m,c is 1.210000,23.600000 with error 10.115778 in direction 0
best m,c is 1.210000,23.610000 with error 10.115503 in direction 0
best m,c is 1.210000,23.620000 with error 10.115237 in direction 0
best m,c is 1.210000,23.630000 with error 10.114982 in direction 0
best m,c is 1.210000,23.640000 with error 10.114736 in direction 0
best m,c is 1.210000,23.650000 with error 10.114500 in direction 0
best m,c is 1.210000,23.660000 with error 10.114275 in direction 0
best m,c is 1.210000,23.670000 with error 10.114059 in direction 0
best m,c is 1.210000,23.680000 with error 10.113852 in direction 0
best m,c is 1.210000,23.690000 with error 10.113656 in direction 0
best m,c is 1.210000,23.700000 with error 10.113470 in direction 0
best m,c is 1.210000,23.710000 with error 10.113293 in direction 0
best m,c is 1.210000,23.720000 with error 10.113127 in direction 0
best m,c is 1.210000,23.730000 with error 10.112970 in direction 0
best m,c is 1.210000,23.740000 with error 10.112823 in direction 0
best m,c is 1.210000,23.750000 with error 10.112686 in direction 0
best m,c is 1.210000,23.760000 with error 10.112559 in direction 0
best m,c is 1.210000,23.770000 with error 10.112442 in direction 0
best m,c is 1.210000,23.780000 with error 10.112335 in direction 0
best m,c is 1.210000,23.790000 with error 10.112237 in direction 0
best m,c is 1.210000,23.800000 with error 10.112150 in direction 0
best m,c is 1.210000,23.810000 with error 10.112072 in direction 0
best m,c is 1.210000,23.820000 with error 10.112004 in direction 0
best m,c is 1.210000,23.830000 with error 10.111947 in direction 0
best m,c is 1.210000,23.840000 with error 10.111899 in direction 0
best m,c is 1.210000,23.850000 with error 10.111861 in direction 0
best m,c is 1.210000,23.860000 with error 10.111832 in direction 0
best m,c is 1.210000,23.870000 with error 10.111814 in direction 0
best m,c is 1.210000,23.880000 with error 10.111806 in direction 0
best m,c is 1.210000,23.890000 with error 10.111806 in direction 0
minimum m,c is 1.210000,23.880000 with error 10.111806
